Workbook

Sheet Info
A1: Project Planning - Digital Twin UMKM Bakso Goreng Kak Linda
A2: Tahap 2 | Kelompok 12 | Informatika, Universitas Samudra | Dosen: Cut Alna
B4: Nama proyek | C4: Pengembangan Digital Twin UMKM Bakso Goreng Kak Linda
B5: Mata kuliah | C5: Manajemen Proyek Perangkat Lunak
B6: Kelompok | C6: 12 (4 anggota)
B8: INPUT ASUMSI (sel biru, boleh diubah) | C8: Nilai | D8: Catatan
B9: Tanggal mulai proyek | C9: 46300 | D9: ASUMSI kelompok. Ganti dengan tanggal mulai sebenarnya.
B10: Tenggat Tahap 2 (Project Planning) | C10: 46319 | D10: ASUMSI, diambil dari contoh tugas. [ISI tenggat resmi]
B11: Tenggat akhir proyek | C11: 46374 | D11: ASUMSI kelompok. [ISI tenggat resmi]
B12: Jumlah anggota | C12: 4 | D12: Sesuai data kelompok.
B13: Tarif tenaga kerja per manday (Rp, nilai setara) | C13: 75000 | D13: ASUMSI. Nilai setara, bukan uang yang dibayarkan.
B14: Overhead (% dari tenaga kerja) | C14: 0.05 | D14: ASUMSI. Listrik dan tempat belajar, nonkas.
B15: Cadangan biaya (%) | C15: 0.1 | D15: Sesuai ketentuan tugas: 10%.
B16: Lama proyek (bulan, dibulatkan ke atas) | C16: =ROUNDUP((Tenggat_Akhir-Mulai_Proyek)/30,0) -> 3 | D16: Rumus, dipakai di sheet Biaya
B18: Hari libur (dikecualikan dari hari kerja) | C18: Tanggal | D18: Keterangan
B19: Libur 1 | C19: 46381 | D19: Hari Natal
B20: Libur 2 | C20: 46388 | D20: Tahun Baru
B21: Libur 3 | D21: [ISI libur lain, mis. libur kampus]
B22: Libur 4 | D22: [ISI]
B24: PEMERIKSAAN OTOMATIS | C24: Hasil | D24: Keterangan
B25: Pekerjaan terakhir selesai pada | C25: =MAX('Jadwal Gantt'!K6:K31) -> 46367 | D25: Dari sheet Jadwal Gantt
B26: Semua pekerjaan selesai sebelum tenggat akhir? | C26: =IF(C25<=Tenggat_Akhir,"YA","TIDAK") -> YA
B27: Total manday (PERT) | C27: ='Effort Manday'!G32 -> 83.666667 | D27: Dari sheet Effort Manday
B28: Total biaya termasuk cadangan (Rp) | C28: =Biaya!H29 -> 8419125 | D28: Dari sheet Biaya
B29: Jumlah risiko Tinggi | C29: =COUNTIF('Risk Register'!G6:G15,"Tinggi") -> 2 | D29: Dari sheet Risk Register
B31: Legenda: sel biru = input asumsi, hitam = rumus, hijau = tautan dari sheet lain. Angka bertanda ASUMSI belum diverifikasi dan perlu disesuaikan kelompok.

Sheet Jadwal Gantt
A1: Project Schedule / Gantt Chart
A2: Hari kerja Senin-Jumat | Tanggal dihitung otomatis dari durasi dan dependensi (FS = selesai-ke-mulai, SS = mulai-ke-mulai) | Pred dan Tipe adalah input
M4: =TEXT(M5,"mmm yy") -> Oct 26 | N4: =IF(MONTH(N5)<>MONTH(M5),TEXT(N5,"mmm yy"),"") | O4: =IF(MONTH(O5)<>MONTH(N5),TEXT(O5,"mmm yy"),"") | P4: =IF(MONTH(P5)<>MONTH(O5),TEXT(P5,"mmm yy"),"") | Q4: =IF(MONTH(Q5)<>MONTH(P5),TEXT(Q5,"mmm yy"),"") | R4: =IF(MONTH(R5)<>MONTH(Q5),TEXT(R5,"mmm yy"),"") | S4: =IF(MONTH(S5)<>MONTH(R5),TEXT(S5,"mmm yy"),"") | T4: =IF(MONTH(T5)<>MONTH(S5),TEXT(T5,"mmm yy"),"") | U4: =IF(MONTH(U5)<>MONTH(T5),TEXT(U5,"mmm yy"),"") | ... CR4: =IF(MONTH(CR5)<>MONTH(CQ5),TEXT(CR5,"mmm yy"),"") -> Feb 27
A5: Kode | B5: Aktivitas | C5: Tahap | D5: Pelaksana | E5: Manday | F5: Orang | G5: Durasi (hari) | H5: Pred | I5: Tipe | J5: Mulai | K5: Selesai | L5: Status | M5: =WORKDAY(Mulai_Proyek-1,1,Libur) -> 46300 | N5: =WORKDAY(M5,1,Libur) -> 46301 | O5: =WORKDAY(N5,1,Libur) -> 46302 | P5: =WORKDAY(O5,1,Libur) -> 46303 | Q5: =WORKDAY(P5,1,Libur) -> 46304 | R5: =WORKDAY(Q5,1,Libur) -> 46307 | S5: =WORKDAY(R5,1,Libur) -> 46308 | T5: =WORKDAY(S5,1,Libur) -> 46309 | U5: =WORKDAY(T5,1,Libur) -> 46310 | ... CR5: =WORKDAY(CQ5,1,Libur) -> 46419
A6: 1.1 | B6: Wawancara dan observasi | C6: 1 | D6: =TRIM(IF('Effort Manday'!I6=1,"Intan ","")&IF('Effort Manday'!J6=1,"Fitri ","")&IF('Effort Manday'!K6=1,"Chaira ","")&IF('Effort Manday'!L6=1,"Siti ","")) -> Intan Fitri Chaira Siti | E6: ='Effort Manday'!G6 -> 4.1666667 | F6: ='Effort Manday'!M6 -> 4 | G6: ='Effort Manday'!N6 -> 2 | J6: =IF(H6="",WORKDAY(Mulai_Proyek-1,1,Libur),IF(I6="SS",INDEX($J$6:$J$31,MATCH(H6,$A$6:$A$31,0)),WORKDAY(INDEX($K$6:$K$31,MATCH(H6,$A$6:$A$31,0)),1,Libur))) -> 46300 | K6: =WORKDAY(J6,G6-1,Libur) -> 46301 | L6: Berjalan, data masih [ISI]
A7: 1.2 | B7: Latar belakang dan ide | C7: 1 | D7: =TRIM(IF('Effort Manday'!I7=1,"Intan ","")&IF('Effort Manday'!J7=1,"Fitri ","")&IF('Effort Manday'!K7=1,"Chaira ","")&IF('Effort Manday'!L7=1,"Siti ","")) -> Siti | E7: ='Effort Manday'!G7 -> 1.5833333 | F7: ='Effort Manday'!M7 -> 1 | G7: ='Effort Manday'!N7 -> 2 | H7: 1.1 | I7: FS | J7: =IF(H7="",WORKDAY(Mulai_Proyek-1,1,Libur),IF(I7="SS",INDEX($J$6:$J$31,MATCH(H7,$A$6:$A$31,0)),WORKDAY(INDEX($K$6:$K$31,MATCH(H7,$A$6:$A$31,0)),1,Libur))) -> 46302 | K7: =WORKDAY(J7,G7-1,Libur) -> 46303 | L7: Draf selesai
A8: 1.3 | B8: Project Charter | C8: 1 | D8: =TRIM(IF('Effort Manday'!I8=1,"Intan ","")&IF('Effort Manday'!J8=1,"Fitri ","")&IF('Effort Manday'!K8=1,"Chaira ","")&IF('Effort Manday'!L8=1,"Siti ","")) -> Siti | E8: ='Effort Manday'!G8 -> 1.5833333 | F8: ='Effort Manday'!M8 -> 1 | G8: ='Effort Manday'!N8 -> 2 | H8: 1.2 | I8: FS | J8: =IF(H8="",WORKDAY(Mulai_Proyek-1,1,Libur),IF(I8="SS",INDEX($J$6:$J$31,MATCH(H8,$A$6:$A$31,0)),WORKDAY(INDEX($K$6:$K$31,MATCH(H8,$A$6:$A$31,0)),1,Libur))) -> 46304 | K8: =WORKDAY(J8,G8-1,Libur) -> 46307 | L8: Draf selesai
A9: 1.4 | B9: Stakeholder Register | C9: 1 | D9: =TRIM(IF('Effort Manday'!I9=1,"Intan ","")&IF('Effort Manday'!J9=1,"Fitri ","")&IF('Effort Manday'!K9=1,"Chaira ","")&IF('Effort Manday'!L9=1,"Siti ","")) -> Chaira | E9: ='Effort Manday'!G9 -> 1.6666667 | F9: ='Effort Manday'!M9 -> 1 | G9: ='Effort Manday'!N9 -> 2 | H9: 1.2 | I9: FS | J9: =IF(H9="",WORKDAY(Mulai_Proyek-1,1,Libur),IF(I9="SS",INDEX($J$6:$J$31,MATCH(H9,$A$6:$A$31,0)),WORKDAY(INDEX($K$6:$K$31,MATCH(H9,$A$6:$A$31,0)),1,Libur))) -> 46304 | K9: =WORKDAY(J9,G9-1,Libur) -> 46307 | L9: Draf selesai
A10: 2.1 | B10: WBS | C10: 2 | D10: =TRIM(IF('Effort Manday'!I10=1,"Intan ","")&IF('Effort Manday'!J10=1,"Fitri ","")&IF('Effort Manday'!K10=1,"Chaira ","")&IF('Effort Manday'!L10=1,"Siti ","")) -> Fitri | E10: ='Effort Manday'!G10 -> 1.5833333 | F10: ='Effort Manday'!M10 -> 1 | G10: ='Effort Manday'!N10 -> 2 | H10: 1.3 | I10: FS | J10: =IF(H10="",WORKDAY(Mulai_Proyek-1,1,Libur),IF(I10="SS",INDEX($J$6:$J$31,MATCH(H10,$A$6:$A$31,0)),WORKDAY(INDEX($K$6:$K$31,MATCH(H10,$A$6:$A$31,0)),1,Libur))) -> 46308 | K10: =WORKDAY(J10,G10-1,Libur) -> 46309 | L10: Draf selesai
A11: 2.2 | B11: Jadwal dan manday | C11: 2 | D11: =TRIM(IF('Effort Manday'!I11=1,"Intan ","")&IF('Effort Manday'!J11=1,"Fitri ","")&IF('Effort Manday'!K11=1,"Chaira ","")&IF('Effort Manday'!L11=1,"Siti ","")) -> Fitri | E11: ='Effort Manday'!G11 -> 3.1666667 | F11: ='Effort Manday'!M11 -> 1 | G11: ='Effort Manday'!N11 -> 4 | H11: 2.1 | I11: FS | J11: =IF(H11="",WORKDAY(Mulai_Proyek-1,1,Libur),IF(I11="SS",INDEX($J$6:$J$31,MATCH(H11,$A$6:$A$31,0)),WORKDAY(INDEX($K$6:$K$31,MATCH(H11,$A$6:$A$31,0)),1,Libur))) -> 46310 | K11: =WORKDAY(J11,G11-1,Libur) -> 46315 | L11: Draf selesai
A12: 2.3 | B12: Biaya dan risiko | C12: 2 | D12: =TRIM(IF('Effort Manday'!I12=1,"Intan ","")&IF('Effort Manday'!J12=1,"Fitri ","")&IF('Effort Manday'!K12=1,"Chaira ","")&IF('Effort Manday'!L12=1,"Siti ","")) -> Chaira | E12: ='Effort Manday'!G12 -> 3 | F12: ='Effort Manday'!M12 -> 1 | G12: ='Effort Manday'!N12 -> 3 | H12: 2.1 | I12: FS | J12: =IF(H12="",WORKDAY(Mulai_Proyek-1,1,Libur),IF(I12="SS",INDEX($J$6:$J$31,MATCH(H12,$A$6:$A$31,0)),WORKDAY(INDEX($K$6:$K$31,MATCH(H12,$A$6:$A$31,0)),1,Libur))) -> 46310 | K12: =WORKDAY(J12,G12-1,Libur) -> 46314 | L12: Draf selesai
A13: 2.4 | B13: Persiapan GitHub | C13: 2 | D13: =TRIM(IF('Effort Manday'!I13=1,"Intan ","")&IF('Effort Manday'!J13=1,"Fitri ","")&IF('Effort Manday'!K13=1,"Chaira ","")&IF('Effort Manday'!L13=1,"Siti ","")) -> Intan Fitri Chaira Siti | E13: ='Effort Manday'!G13 -> 1.0833333 | F13: ='Effort Manday'!M13 -> 4 | G13: ='Effort Manday'!N13 -> 1 | H13: 1.3 | I13: FS | J13: =IF(H13="",WORKDAY(Mulai_Proyek-1,1,Libur),IF(I13="SS",INDEX($J$6:$J$31,MATCH(H13,$A$6:$A$31,0)),WORKDAY(INDEX($K$6:$K$31,MATCH(H13,$A$6:$A$31,0)),1,Libur))) -> 46308 | K13: =WORKDAY(J13,G13-1,Libur) -> 46308 | L13: Draf selesai
A14: 3.1 | B14: Daftar kebutuhan | C14: 3 | D14: =TRIM(IF('Effort Manday'!I14=1,"Intan ","")&IF('Effort Manday'!J14=1,"Fitri ","")&IF('Effort Manday'!K14=1,"Chaira ","")&IF('Effort Manday'!L14=1,"Siti ","")) -> Chaira | E14: ='Effort Manday'!G14 -> 3.1666667 | F14: ='Effort Manday'!M14 -> 1 | G14: ='Effort Manday'!N14 -> 4 | H14: 2.2 | I14: FS | J14: =IF(H14="",WORKDAY(Mulai_Proyek-1,1,Libur),IF(I14="SS",INDEX($J$6:$J$31,MATCH(H14,$A$6:$A$31,0)),WORKDAY(INDEX($K$6:$K$31,MATCH(H14,$A$6:$A$31,0)),1,Libur))) -> 46316 | K14: =WORKDAY(J14,G14-1,Libur) -> 46321 | L14: Belum dimulai
A15: 3.2 | B15: Analisis Titik Fungsi | C15: 3 | D15: =TRIM(IF('Effort Manday'!I15=1,"Intan ","")&IF('Effort Manday'!J15=1,"Fitri ","")&IF('Effort Manday'!K15=1,"Chaira ","")&IF('Effort Manday'!L15=1,"Siti ","")) -> Intan | E15: ='Effort Manday'!G15 -> 4.3333333 | F15: ='Effort Manday'!M15 -> 1 | G15: ='Effort Manday'!N15 -> 5 | H15: 3.1 | I15: FS | J15: =IF(H15="",WORKDAY(Mulai_Proyek-1,1,Libur),IF(I15="SS",INDEX($J$6:$J$31,MATCH(H15,$A$6:$A$31,0)),WORKDAY(INDEX($K$6:$K$31,MATCH(H15,$A$6:$A$31,0)),1,Libur))) -> 46322 | K15: =WORKDAY(J15,G15-1,Libur) -> 46328 | L15: Belum dimulai
A16: 3.3 | B16: Validasi dengan Kak Linda | C16: 3 | D16: =TRIM(IF('Effort Manday'!I16=1,"Intan ","")&IF('Effort Manday'!J16=1,"Fitri ","")&IF('Effort Manday'!K16=1,"Chaira ","")&IF('Effort Manday'!L16=1,"Siti ","")) -> Intan | E16: ='Effort Manday'!G16 -> 2 | F16: ='Effort Manday'!M16 -> 1 | G16: ='Effort Manday'!N16 -> 2 | H16: 3.2 | I16: FS | J16: =IF(H16="",WORKDAY(Mulai_Proyek-1,1,Libur),IF(I16="SS",INDEX($J$6:$J$31,MATCH(H16,$A$6:$A$31,0)),WORKDAY(INDEX($K$6:$K$31,MATCH(H16,$A$6:$A$31,0)),1,Libur))) -> 46329 | K16: =WORKDAY(J16,G16-1,Libur) -> 46330 | L16: Belum dimulai
A17: 4.1 | B17: Alur proses usaha | C17: 4 | D17: =TRIM(IF('Effort Manday'!I17=1,"Intan ","")&IF('Effort Manday'!J17=1,"Fitri ","")&IF('Effort Manday'!K17=1,"Chaira ","")&IF('Effort Manday'!L17=1,"Siti ","")) -> Fitri | E17: ='Effort Manday'!G17 -> 3 | F17: ='Effort Manday'!M17 -> 1 | G17: ='Effort Manday'!N17 -> 3 | H17: 3.1 | I17: FS | J17: =IF(H17="",WORKDAY(Mulai_Proyek-1,1,Libur),IF(I17="SS",INDEX($J$6:$J$31,MATCH(H17,$A$6:$A$31,0)),WORKDAY(INDEX($K$6:$K$31,MATCH(H17,$A$6:$A$31,0)),1,Libur))) -> 46322 | K17: =WORKDAY(J17,G17-1,Libur) -> 46324 | L17: Belum dimulai
A18: 4.2 | B18: Rancangan data | C18: 4 | D18: =TRIM(IF('Effort Manday'!I18=1,"Intan ","")&IF('Effort Manday'!J18=1,"Fitri ","")&IF('Effort Manday'!K18=1,"Chaira ","")&IF('Effort Manday'!L18=1,"Siti ","")) -> Intan | E18: ='Effort Manday'!G18 -> 3.1666667 | F18: ='Effort Manday'!M18 -> 1 | G18: ='Effort Manday'!N18 -> 4 | H18: 3.3 | I18: FS | J18: =IF(H18="",WORKDAY(Mulai_Proyek-1,1,Libur),IF(I18="SS",INDEX($J$6:$J$31,MATCH(H18,$A$6:$A$31,0)),WORKDAY(INDEX($K$6:$K$31,MATCH(H18,$A$6:$A$31,0)),1,Libur))) -> 46331 | K18: =WORKDAY(J18,G18-1,Libur) -> 46336 | L18: Belum dimulai
... A31: 7.4 | B31: Arsip repositori | C31: 7 | D31: =TRIM(IF('Effort Manday'!I31=1,"Intan ","")&IF('Effort Manday'!J31=1,"Fitri ","")&IF('Effort Manday'!K31=1,"Chaira ","")&IF('Effort Manday'!L31=1,"Siti ","")) -> Intan | E31: ='Effort Manday'!G31 -> 1.6666667 | F31: ='Effort Manday'!M31 -> 1 | G31: ='Effort Manday'!N31 -> 2 | H31: 7.2 | I31: FS | J31: =IF(H31="",WORKDAY(Mulai_Proyek-1,1,Libur),IF(I31="SS",INDEX($J$6:$J$31,MATCH(H31,$A$6:$A$31,0)),WORKDAY(INDEX($K$6:$K$31,MATCH(H31,$A$6:$A$31,0)),1,Libur))) -> 46365 | K31: =WORKDAY(J31,G31-1,Libur) -> 46366 | L31: Belum dimulai
A32: Milestone (tenggat)
A33: MS1 | B33: Tahap 2 Project Planning dikumpulkan | J33: =Tenggat_Tahap2 -> 46319 | K33: =J33 -> 46319
A34: MS2 | B34: Analisis dan perancangan selesai | J34: 46339 | K34: =J34 -> 46339
A35: MS3 | B35: Pengembangan dan pengujian selesai | J35: 46360 | K35: =J35 -> 46360
A36: MS4 | B36: Tenggat akhir proyek (penyerahan) | J36: =Tenggat_Akhir -> 46374 | K36: =J36 -> 46374
A38: Cek tenggat
A39: Kode | B39: Milestone | C39: Hingga tahap | E39: Tenggat | G39: Selesai terakhir | J39: Selisih (hari) | K39: Status
A40: MS1 | B40: Tahap 2 Project Planning dikumpulkan | C40: 2 | E40: =J33 -> 46319 | G40: =_xlfn.MAXIFS($K$6:$K$31,$C$6:$C$31,"<="&C40) -> 46315 | J40: =E40-G40 -> 4 | K40: =IF(G40<=E40,"OK","TERLAMBAT") -> OK
A41: MS2 | B41: Analisis dan perancangan selesai | C41: 4 | E41: =J34 -> 46339 | G41: =_xlfn.MAXIFS($K$6:$K$31,$C$6:$C$31,"<="&C41) -> 46336 | J41: =E41-G41 -> 3 | K41: =IF(G41<=E41,"OK","TERLAMBAT") -> OK
A42: MS3 | B42: Pengembangan dan pengujian selesai | C42: 6 | E42: =J35 -> 46360 | G42: =_xlfn.MAXIFS($K$6:$K$31,$C$6:$C$31,"<="&C42) -> 46357 | J42: =E42-G42 -> 3 | K42: =IF(G42<=E42,"OK","TERLAMBAT") -> OK
A43: MS4 | B43: Tenggat akhir proyek (penyerahan) | C43: 7 | E43: =J36 -> 46374 | G43: =_xlfn.MAXIFS($K$6:$K$31,$C$6:$C$31,"<="&C43) -> 46367 | J43: =E43-G43 -> 7 | K43: =IF(G43<=E43,"OK","TERLAMBAT") -> OK

Sheet Resource Plan
A1: Resource & Responsibility Plan
A2: Peran, tanggung jawab, matriks RACI, dan kebutuhan sumber daya
A4: No | B4: Anggota | C4: Peran utama | D4: Tanggung jawab | E4: Total manday | F4: Beban (%) | G4: Jumlah aktivitas | H4: Kode WBS
A5: 1 | B5: Intan Fadila | C5: Analisis Titik Fungsi | D5: Mengukur ukuran pekerjaan, validasi dengan Kak Linda, rancangan data, pencatatan pesanan, perbaikan, arsip repositori | E5: ='Effort Manday'!O32 -> 23.604167 | F5: =E5/$E$9 -> 0.28212151 | G5: =COUNTIF('Effort Manday'!I6:I31,1) -> 9 | H5: 1.1, 2.4, 3.2, 3.3, 4.2, 5.1, 6.2, 6.4, 7.4
A6: 2 | B6: Fitri Nabila Suhendra | C6: WBS | D6: Menyusun WBS dan jadwal, alur proses, pencatatan stok, rencana uji, laporan akhir | E6: ='Effort Manday'!P32 -> 22.020833 | F6: =E6/$E$9 -> 0.26319721 | G6: =COUNTIF('Effort Manday'!J6:J31,1) -> 9 | H6: 1.1, 2.1, 2.2, 2.4, 4.1, 5.2, 6.1, 6.2, 7.2
A7: 3 | B7: Chaira Syakira Lubis | C7: Pendaftaran Pemangku Kepentingan | D7: Stakeholder Register, biaya dan risiko, daftar kebutuhan, penjualan dan ringkasan, uji dengan Kak Linda, presentasi | E7: ='Effort Manday'!Q32 -> 20.104167 | F7: =E7/$E$9 -> 0.24028884 | G7: =COUNTIF('Effort Manday'!K6:K31,1) -> 9 | H7: 1.1, 1.4, 2.3, 2.4, 3.1, 5.3, 6.2, 6.3, 7.3
A8: 4 | B8: Siti Najri Apriyanti | C8: Piagam Proyek | D8: Latar belakang dan ide, Project Charter, rancangan tampilan, website pemesanan, panduan pengguna | E8: ='Effort Manday'!R32 -> 17.9375 | F8: =E8/$E$9 -> 0.21439243 | G8: =COUNTIF('Effort Manday'!L6:L31,1) -> 8 | H8: 1.1, 1.2, 1.3, 2.4, 4.3, 5.4, 6.2, 7.1
B9: TOTAL | E9: =SUM(E5:E8) -> 83.666667 | F9: =SUM(F5:F8) -> 1
B10: Cek total manday terhadap sheet Effort Manday (ketua kelompok: [ISI]) | E10: =IF(ABS(E9-'Effort Manday'!G32)<0.001,"COCOK","BEDA") -> COCOK
A12: No | B12: Pihak lain | C12: Peran | D12: Keterlibatan
A13: 1 | B13: Kak Linda | C13: Pemilik usaha, narasumber, pengguna utama | D13: Wawancara, validasi kebutuhan, uji coba (kode 1.1, 3.3, 6.3)
A14: 2 | B14: Cut Alna | C14: Dosen penilai | D14: Konsultasi dan penilaian tiap tahap
A16: Matriks RACI per tahap (R = mengerjakan, A = bertanggung jawab akhir, C = diajak berkonsultasi, I = diberi tahu). Penentuan A bisa disesuaikan dengan ketua [ISI].
A17: Tahap | B17: Nama tahap | C17: Intan | D17: Fitri | E17: Chaira | F17: Siti | G17: Kak Linda | H17: Dosen
A18: 1 | B18: Inisiasi | C18: R | D18: R | E18: R | F18: A/R | G18: C | H18: I
A19: 2 | B19: Perencanaan | C19: R | D19: A/R | E19: R | F19: R | G19: I | H19: I
A20: 3 | B20: Analisis Kebutuhan | C20: A/R | D20: I | E20: R | F20: I | G20: C | H20: I
A21: 4 | B21: Perancangan | C21: R | D21: A/R | E21: I | F21: R | G21: C | H21: I
A22: 5 | B22: Pengembangan | C22: A/R | D22: R | E22: R | F22: R | G22: I | H22: I
A23: 6 | B23: Pengujian | C23: R | D23: A/R | E23: R | F23: R | G23: C | H23: I
A24: 7 | B24: Dokumentasi | C24: R | D24: A/R | E24: R | F24: R | G24: I | H24: I
A26: No | B26: Sumber daya | C26: Jumlah | D26: Satuan | E26: Sumber / keterangan
A27: 1 | B27: Laptop anggota | C27: =Jumlah_Anggota -> 4 | D27: unit | E27: Milik pribadi (nonkas)
A28: 2 | B28: Koneksi internet | C28: =Jumlah_Anggota -> 4 | D28: anggota | E28: Paket data pribadi, ditanggung tunai bila perlu
A29: 3 | B29: Akun GitHub | C29: =Jumlah_Anggota -> 4 | D29: akun | E29: Paket gratis
A30: 4 | B30: Repositori GitHub dan GitHub Pages | C30: 1 | D30: repositori | E30: Paket gratis
A31: 5 | B31: Waktu Kak Linda untuk wawancara dan uji | C31: 4 | D31: pertemuan | E31: Perkiraan: wawancara, validasi, uji, serah. [ISI jadwal]
A32: 6 | B32: Lembar kerja jadwal dan biaya (Excel) | C32: 1 | D32: berkas | E32: File ini

Sheet Effort Manday
A1: Effort Estimation (Manday) - PERT tiga titik
A2: E = (O + 4M + P) / 6 | Durasi = ROUNDUP(E / jumlah orang) | O, M, P dan penugasan adalah ASUMSI kelompok (sel biru)
A5: Kode | B5: Aktivitas | C5: Tahap | D5: O (optimis) | E5: M (paling mungkin) | F5: P (pesimis) | G5: E (manday) | H5: Simpangan baku | I5: Intan | J5: Fitri | K5: Chaira | L5: Siti | M5: Orang | N5: Durasi (hari kerja) | O5: Manday Intan | P5: Manday Fitri | Q5: Manday Chaira | R5: Manday Siti
A6: 1.1 | B6: Wawancara dan observasi | C6: 1 | D6: 3 | E6: 4 | F6: 6 | G6: =(D6+4*E6+F6)/6 -> 4.1666667 | H6: =(F6-D6)/6 -> 0.5 | I6: 1 | J6: 1 | K6: 1 | L6: 1 | M6: =SUM(I6:L6) -> 4 | N6: =ROUNDUP(G6/M6,0) -> 2 | O6: =IF(I6=1,$G6/$M6,0) -> 1.0416667 | P6: =IF(J6=1,$G6/$M6,0) -> 1.0416667 | Q6: =IF(K6=1,$G6/$M6,0) -> 1.0416667 | R6: =IF(L6=1,$G6/$M6,0) -> 1.0416667
A7: 1.2 | B7: Latar belakang dan ide | C7: 1 | D7: 1 | E7: 1.5 | F7: 2.5 | G7: =(D7+4*E7+F7)/6 -> 1.5833333 | H7: =(F7-D7)/6 -> 0.25 | I7: 0 | J7: 0 | K7: 0 | L7: 1 | M7: =SUM(I7:L7) -> 1 | N7: =ROUNDUP(G7/M7,0) -> 2 | O7: =IF(I7=1,$G7/$M7,0) -> 0 | P7: =IF(J7=1,$G7/$M7,0) -> 0 | Q7: =IF(K7=1,$G7/$M7,0) -> 0 | R7: =IF(L7=1,$G7/$M7,0) -> 1.5833333
A8: 1.3 | B8: Project Charter | C8: 1 | D8: 1 | E8: 1.5 | F8: 2.5 | G8: =(D8+4*E8+F8)/6 -> 1.5833333 | H8: =(F8-D8)/6 -> 0.25 | I8: 0 | J8: 0 | K8: 0 | L8: 1 | M8: =SUM(I8:L8) -> 1 | N8: =ROUNDUP(G8/M8,0) -> 2 | O8: =IF(I8=1,$G8/$M8,0) -> 0 | P8: =IF(J8=1,$G8/$M8,0) -> 0 | Q8: =IF(K8=1,$G8/$M8,0) -> 0 | R8: =IF(L8=1,$G8/$M8,0) -> 1.5833333
A9: 1.4 | B9: Stakeholder Register | C9: 1 | D9: 1 | E9: 1.5 | F9: 3 | G9: =(D9+4*E9+F9)/6 -> 1.6666667 | H9: =(F9-D9)/6 -> 0.33333333 | I9: 0 | J9: 0 | K9: 1 | L9: 0 | M9: =SUM(I9:L9) -> 1 | N9: =ROUNDUP(G9/M9,0) -> 2 | O9: =IF(I9=1,$G9/$M9,0) -> 0 | P9: =IF(J9=1,$G9/$M9,0) -> 0 | Q9: =IF(K9=1,$G9/$M9,0) -> 1.6666667 | R9: =IF(L9=1,$G9/$M9,0) -> 0
A10: 2.1 | B10: WBS | C10: 2 | D10: 1 | E10: 1.5 | F10: 2.5 | G10: =(D10+4*E10+F10)/6 -> 1.5833333 | H10: =(F10-D10)/6 -> 0.25 | I10: 0 | J10: 1 | K10: 0 | L10: 0 | M10: =SUM(I10:L10) -> 1 | N10: =ROUNDUP(G10/M10,0) -> 2 | O10: =IF(I10=1,$G10/$M10,0) -> 0 | P10: =IF(J10=1,$G10/$M10,0) -> 1.5833333 | Q10: =IF(K10=1,$G10/$M10,0) -> 0 | R10: =IF(L10=1,$G10/$M10,0) -> 0
A11: 2.2 | B11: Jadwal dan manday | C11: 2 | D11: 2 | E11: 3 | F11: 5 | G11: =(D11+4*E11+F11)/6 -> 3.1666667 | H11: =(F11-D11)/6 -> 0.5 | I11: 0 | J11: 1 | K11: 0 | L11: 0 | M11: =SUM(I11:L11) -> 1 | N11: =ROUNDUP(G11/M11,0) -> 4 | O11: =IF(I11=1,$G11/$M11,0) -> 0 | P11: =IF(J11=1,$G11/$M11,0) -> 3.1666667 | Q11: =IF(K11=1,$G11/$M11,0) -> 0 | R11: =IF(L11=1,$G11/$M11,0) -> 0
A12: 2.3 | B12: Biaya dan risiko | C12: 2 | D12: 2 | E12: 3 | F12: 4 | G12: =(D12+4*E12+F12)/6 -> 3 | H12: =(F12-D12)/6 -> 0.33333333 | I12: 0 | J12: 0 | K12: 1 | L12: 0 | M12: =SUM(I12:L12) -> 1 | N12: =ROUNDUP(G12/M12,0) -> 3 | O12: =IF(I12=1,$G12/$M12,0) -> 0 | P12: =IF(J12=1,$G12/$M12,0) -> 0 | Q12: =IF(K12=1,$G12/$M12,0) -> 3 | R12: =IF(L12=1,$G12/$M12,0) -> 0
A13: 2.4 | B13: Persiapan GitHub | C13: 2 | D13: 0.5 | E13: 1 | F13: 2 | G13: =(D13+4*E13+F13)/6 -> 1.0833333 | H13: =(F13-D13)/6 -> 0.25 | I13: 1 | J13: 1 | K13: 1 | L13: 1 | M13: =SUM(I13:L13) -> 4 | N13: =ROUNDUP(G13/M13,0) -> 1 | O13: =IF(I13=1,$G13/$M13,0) -> 0.27083333 | P13: =IF(J13=1,$G13/$M13,0) -> 0.27083333 | Q13: =IF(K13=1,$G13/$M13,0) -> 0.27083333 | R13: =IF(L13=1,$G13/$M13,0) -> 0.27083333
A14: 3.1 | B14: Daftar kebutuhan | C14: 3 | D14: 2 | E14: 3 | F14: 5 | G14: =(D14+4*E14+F14)/6 -> 3.1666667 | H14: =(F14-D14)/6 -> 0.5 | I14: 0 | J14: 0 | K14: 1 | L14: 0 | M14: =SUM(I14:L14) -> 1 | N14: =ROUNDUP(G14/M14,0) -> 4 | O14: =IF(I14=1,$G14/$M14,0) -> 0 | P14: =IF(J14=1,$G14/$M14,0) -> 0 | Q14: =IF(K14=1,$G14/$M14,0) -> 3.1666667 | R14: =IF(L14=1,$G14/$M14,0) -> 0
A15: 3.2 | B15: Analisis Titik Fungsi | C15: 3 | D15: 3 | E15: 4 | F15: 7 | G15: =(D15+4*E15+F15)/6 -> 4.3333333 | H15: =(F15-D15)/6 -> 0.66666667 | I15: 1 | J15: 0 | K15: 0 | L15: 0 | M15: =SUM(I15:L15) -> 1 | N15: =ROUNDUP(G15/M15,0) -> 5 | O15: =IF(I15=1,$G15/$M15,0) -> 4.3333333 | P15: =IF(J15=1,$G15/$M15,0) -> 0 | Q15: =IF(K15=1,$G15/$M15,0) -> 0 | R15: =IF(L15=1,$G15/$M15,0) -> 0
A16: 3.3 | B16: Validasi dengan Kak Linda | C16: 3 | D16: 1 | E16: 2 | F16: 3 | G16: =(D16+4*E16+F16)/6 -> 2 | H16: =(F16-D16)/6 -> 0.33333333 | I16: 1 | J16: 0 | K16: 0 | L16: 0 | M16: =SUM(I16:L16) -> 1 | N16: =ROUNDUP(G16/M16,0) -> 2 | O16: =IF(I16=1,$G16/$M16,0) -> 2 | P16: =IF(J16=1,$G16/$M16,0) -> 0 | Q16: =IF(K16=1,$G16/$M16,0) -> 0 | R16: =IF(L16=1,$G16/$M16,0) -> 0
A17: 4.1 | B17: Alur proses usaha | C17: 4 | D17: 2 | E17: 3 | F17: 4 | G17: =(D17+4*E17+F17)/6 -> 3 | H17: =(F17-D17)/6 -> 0.33333333 | I17: 0 | J17: 1 | K17: 0 | L17: 0 | M17: =SUM(I17:L17) -> 1 | N17: =ROUNDUP(G17/M17,0) -> 3 | O17: =IF(I17=1,$G17/$M17,0) -> 0 | P17: =IF(J17=1,$G17/$M17,0) -> 3 | Q17: =IF(K17=1,$G17/$M17,0) -> 0 | R17: =IF(L17=1,$G17/$M17,0) -> 0
... A31: 7.4 | B31: Arsip repositori | C31: 7 | D31: 1 | E31: 1.5 | F31: 3 | G31: =(D31+4*E31+F31)/6 -> 1.6666667 | H31: =(F31-D31)/6 -> 0.33333333 | I31: 1 | J31: 0 | K31: 0 | L31: 0 | M31: =SUM(I31:L31) -> 1 | N31: =ROUNDUP(G31/M31,0) -> 2 | O31: =IF(I31=1,$G31/$M31,0) -> 1.6666667 | P31: =IF(J31=1,$G31/$M31,0) -> 0 | Q31: =IF(K31=1,$G31/$M31,0) -> 0 | R31: =IF(L31=1,$G31/$M31,0) -> 0
B32: TOTAL | G32: =SUM(G6:G31) -> 83.666667 | O32: =SUM(O6:O31) -> 23.604167 | P32: =SUM(P6:P31) -> 22.020833 | Q32: =SUM(Q6:Q31) -> 20.104167 | R32: =SUM(R6:R31) -> 17.9375
B34: Ringkasan per tahap | C34: Tahap | D34: Manday | E34: Aktivitas
B35: Inisiasi | C35: 1 | D35: =SUMIF($C$6:$C$31,C35,$G$6:$G$31) -> 9 | E35: =COUNTIF($C$6:$C$31,C35) -> 4
B36: Perencanaan | C36: 2 | D36: =SUMIF($C$6:$C$31,C36,$G$6:$G$31) -> 8.8333333 | E36: =COUNTIF($C$6:$C$31,C36) -> 4
B37: Analisis Kebutuhan | C37: 3 | D37: =SUMIF($C$6:$C$31,C37,$G$6:$G$31) -> 9.5 | E37: =COUNTIF($C$6:$C$31,C37) -> 3
B38: Perancangan | C38: 4 | D38: =SUMIF($C$6:$C$31,C38,$G$6:$G$31) -> 9.3333333 | E38: =COUNTIF($C$6:$C$31,C38) -> 3
B39: Pengembangan | C39: 5 | D39: =SUMIF($C$6:$C$31,C39,$G$6:$G$31) -> 22.833333 | E39: =COUNTIF($C$6:$C$31,C39) -> 4
B40: Pengujian | C40: 6 | D40: =SUMIF($C$6:$C$31,C40,$G$6:$G$31) -> 11.333333 | E40: =COUNTIF($C$6:$C$31,C40) -> 4
B41: Dokumentasi | C41: 7 | D41: =SUMIF($C$6:$C$31,C41,$G$6:$G$31) -> 12.833333 | E41: =COUNTIF($C$6:$C$31,C41) -> 4
B43: Kolom Intan/Fitri/Chaira/Siti: 1 = ikut mengerjakan. Manday dibagi rata ke semua yang ikut. Total tahap harus sama dengan total manday.

Sheet Biaya
A1: Project Cost Estimation
A2: Tenaga kerja dihitung sebagai nilai setara (nonkas). Pengeluaran tunai dipisahkan. Harga satuan adalah ASUMSI (sel biru).
A5: No | B5: Komponen | C5: Kategori | D5: Jenis | E5: Jumlah | F5: Satuan | G5: Harga satuan (Rp) | H5: Total (Rp) | I5: Catatan
A6: 1 | B6: Tenaga kerja - Intan Fadila | C6: Tenaga kerja | D6: Nonkas | E6: ='Effort Manday'!O32 -> 23.604167 | F6: manday | G6: =Tarif_Manday -> 75000 | H6: =E6*G6 -> 1770312.5 | I6: Manday dari sheet Effort
A7: 2 | B7: Tenaga kerja - Fitri Nabila Suhendra | C7: Tenaga kerja | D7: Nonkas | E7: ='Effort Manday'!P32 -> 22.020833 | F7: manday | G7: =Tarif_Manday -> 75000 | H7: =E7*G7 -> 1651562.5 | I7: Manday dari sheet Effort
A8: 3 | B8: Tenaga kerja - Chaira Syakira Lubis | C8: Tenaga kerja | D8: Nonkas | E8: ='Effort Manday'!Q32 -> 20.104167 | F8: manday | G8: =Tarif_Manday -> 75000 | H8: =E8*G8 -> 1507812.5 | I8: Manday dari sheet Effort
A9: 4 | B9: Tenaga kerja - Siti Najri Apriyanti | C9: Tenaga kerja | D9: Nonkas | E9: ='Effort Manday'!R32 -> 17.9375 | F9: manday | G9: =Tarif_Manday -> 75000 | H9: =E9*G9 -> 1345312.5 | I9: Manday dari sheet Effort
A10: 5 | B10: Laptop anggota (milik pribadi) | C10: Perangkat | D10: Nonkas | E10: =Jumlah_Anggota*Bulan_Proyek -> 12 | F10: unit-bulan | G10: 40000 | H10: =E10*G10 -> 480000 | I10: ASUMSI nilai pakai
A11: 6 | B11: Paket internet | C11: Layanan | D11: Tunai | E11: =Jumlah_Anggota*Bulan_Proyek -> 12 | F11: anggota-bulan | G11: 25000 | H11: =E11*G11 -> 300000 | I11: ASUMSI tambahan paket data
A12: 7 | B12: Akun GitHub (paket gratis) | C12: Layanan | D12: Tunai | E12: =Jumlah_Anggota -> 4 | F12: akun | G12: 0 | H12: =E12*G12 -> 0 | I12: Gratis
A13: 8 | B13: GitHub Pages (hosting statis) | C13: Layanan | D13: Tunai | E13: 1 | F13: layanan | G13: 0 | H13: =E13*G13 -> 0 | I13: Gratis
A14: 9 | B14: Transportasi ke tempat usaha | C14: Lainnya | D14: Tunai | E14: 8 | F14: orang-kunjungan | G14: 20000 | H14: =E14*G14 -> 160000 | I14: ASUMSI 4 kunjungan x 2 orang
A15: 10 | B15: Pembelian produk saat observasi | C15: Lainnya | D15: Tunai | E15: 3 | F15: kali | G15: 25000 | H15: =E15*G15 -> 75000 | I15: ASUMSI
A16: 11 | B16: Cetak dan penjilidan laporan | C16: Lainnya | D16: Tunai | E16: 1 | F16: set | G16: 50000 | H16: =E16*G16 -> 50000 | I16: ASUMSI
A17: 12 | B17: Overhead (listrik dan tempat belajar) | C17: Overhead | D17: Nonkas | E17: =Overhead_Pct -> 0.05 | F17: dari tenaga kerja | G17: =SUM(H6:H9) -> 6275000 | H17: =E17*G17 -> 313750 | I17: Persen dari subtotal tenaga kerja
B20: Subtotal tunai | H20: =SUMIF($D$6:$D$17,"Tunai",$H$6:$H$17) -> 585000
B21: Subtotal nonkas | H21: =SUMIF($D$6:$D$17,"Nonkas",$H$6:$H$17) -> 7068750
B22: Subtotal biaya langsung dan overhead | H22: =H20+H21 -> 7653750
B23: Cadangan tunai | H23: =Cadangan_Pct*H20 -> 58500
B24: Cadangan nonkas | H24: =Cadangan_Pct*H21 -> 706875
B26: TOTAL TUNAI (dengan cadangan) | H26: =H20+H23 -> 643500
B27: TOTAL NONKAS (dengan cadangan) | H27: =H21+H24 -> 7775625
B28: Pengeluaran tunai yang harus disiapkan | H28: =H26 -> 643500
B29: TOTAL KESELURUHAN (dengan cadangan) | H29: =H26+H27 -> 8419125
B31: Cek: total manday x tarif = subtotal tenaga kerja | H31: =IF(ABS('Effort Manday'!G32*Tarif_Manday-SUM(H6:H9))<1,"COCOK","BEDA") -> COCOK

Sheet Risk Register
A1: Risk Register
A2: Skala 1-5 | Skor = Probabilitas x Dampak | 15 ke atas Tinggi, 8-14 Sedang, di bawah 8 Rendah | P dan D adalah ASUMSI (sel biru)
A5: Kode | B5: Risiko | C5: Kategori | D5: Probabilitas (1-5) | E5: Dampak (1-5) | F5: Skor | G5: Level | H5: Strategi | I5: Mitigasi | J5: Pemilik | K5: Pemicu | L5: Status
A6: R1 | B6: Data wawancara terbatas, kebutuhan Kak Linda salah dipahami | C6: Kebutuhan | D6: 4 | E6: 4 | F6: =D6*E6 -> 16 | G6: =IF(F6>=15,"Tinggi",IF(F6>=8,"Sedang","Rendah")) -> Tinggi | H6: Kurangi | I6: Jadwalkan wawancara lanjutan, siapkan daftar pertanyaan, catat hasil di dokumen 01 | J6: Chaira | K6: Tabel wawancara masih banyak [ISI] saat analisis kebutuhan dimulai | L6: Terbuka
A7: R2 | B7: Kak Linda sulit ditemui atau waktunya terbatas | C7: Pihak luar | D7: 3 | E7: 4 | F7: =D7*E7 -> 12 | G7: =IF(F7>=15,"Tinggi",IF(F7>=8,"Sedang","Rendah")) -> Sedang | H7: Kurangi | I7: Buat janji sejak awal, siapkan pertemuan singkat, cadangan lewat pesan | J7: Intan | K7: Janji temu batal dua kali berturut-turut | L7: Terbuka
A8: R3 | B8: Pengguna belum terbiasa memakai perangkat digital | C8: Pengguna | D8: 3 | E8: 4 | F8: =D8*E8 -> 12 | G8: =IF(F8>=15,"Tinggi",IF(F8>=8,"Sedang","Rendah")) -> Sedang | H8: Kurangi | I8: Rancangan sederhana, uji coba didampingi, panduan bergambar | J8: Siti | K8: Kak Linda kesulitan mencatat satu pesanan saat uji coba | L8: Terbuka
A9: R4 | B9: Arti digital twin belum disepakati dengan dosen | C9: Ruang lingkup | D9: 3 | E9: 5 | F9: =D9*E9 -> 15 | G9: =IF(F9>=15,"Tinggi",IF(F9>=8,"Sedang","Rendah")) -> Tinggi | H9: Hindari | I9: Konsultasi dengan Cut Alna, tulis definisi di Project Charter | J9: Siti | K9: Dosen meminta ruang lingkup berbeda dari Charter | L9: Terbuka
A10: R5 | B10: Anggota hanya 4 orang, beban tiap orang berat | C10: Sumber daya | D10: 4 | E10: 3 | F10: =D10*E10 -> 12 | G10: =IF(F10>=15,"Tinggi",IF(F10>=8,"Sedang","Rendah")) -> Sedang | H10: Kurangi | I10: Pembagian tugas jelas di WBS, pantau mingguan, batasi ruang lingkup | J10: Fitri | K10: Tugas terlambat lebih dari 2 hari kerja | L10: Terbuka
A11: R6 | B11: Jadwal bentrok dengan kuliah atau ujian lain | C11: Jadwal | D11: 3 | E11: 3 | F11: =D11*E11 -> 9 | G11: =IF(F11>=15,"Tinggi",IF(F11>=8,"Sedang","Rendah")) -> Sedang | H11: Kurangi | I11: Pakai cadangan waktu menuju tenggat, kerjakan tugas paralel | J11: Fitri | K11: Jadwal ujian diumumkan pada rentang pengerjaan | L11: Terbuka
A12: R7 | B12: Ruang lingkup berubah di tengah jalan | C12: Ruang lingkup | D12: 3 | E12: 4 | F12: =D12*E12 -> 12 | G12: =IF(F12>=15,"Tinggi",IF(F12>=8,"Sedang","Rendah")) -> Sedang | H12: Kurangi | I12: Persetujuan tertulis ruang lingkup, catat setiap perubahan | J12: Siti | K12: Ada permintaan fitur baru setelah analisis kebutuhan | L12: Terbuka
A13: R8 | B13: Anggota berhalangan (sakit atau urusan lain) | C13: Sumber daya | D13: 2 | E13: 4 | F13: =D13*E13 -> 8 | G13: =IF(F13>=15,"Tinggi",IF(F13>=8,"Sedang","Rendah")) -> Sedang | H13: Kurangi | I13: Tugas cadangan antaranggota, semua pekerjaan disimpan di GitHub | J13: Fitri | K13: Anggota tidak aktif lebih dari 3 hari kerja | L13: Terbuka
A14: R9 | B14: File bentrok atau hilang di GitHub | C14: Teknis | D14: 2 | E14: 3 | F14: =D14*E14 -> 6 | G14: =IF(F14>=15,"Tinggi",IF(F14>=8,"Sedang","Rendah")) -> Rendah | H14: Kurangi | I14: Branch per tugas, Pull Request, aturan kerja di dokumen 05 | J14: Intan | K14: Konflik merge muncul berulang | L14: Terbuka
A15: R10 | B15: Biaya tunai melebihi rencana | C15: Biaya | D15: 2 | E15: 2 | F15: =D15*E15 -> 4 | G15: =IF(F15>=15,"Tinggi",IF(F15>=8,"Sedang","Rendah")) -> Rendah | H15: Terima | I15: Pakai layanan gratis, ada cadangan 10% | J15: Chaira | K15: Pengeluaran tunai melampaui total tunai di sheet Biaya | L15: Terbuka
A17: Peta risiko (jumlah risiko per sel)
B18: Dampak \ Probabilitas | C18: 1 | D18: 2 | E18: 3 | F18: 4 | G18: 5
B19: 5 | C19: =COUNTIFS($D$6:$D$15,1,$E$6:$E$15,5) -> 0 | D19: =COUNTIFS($D$6:$D$15,2,$E$6:$E$15,5) -> 0 | E19: =COUNTIFS($D$6:$D$15,3,$E$6:$E$15,5) -> 1 | F19: =COUNTIFS($D$6:$D$15,4,$E$6:$E$15,5) -> 0 | G19: =COUNTIFS($D$6:$D$15,5,$E$6:$E$15,5) -> 0
B20: 4 | C20: =COUNTIFS($D$6:$D$15,1,$E$6:$E$15,4) -> 0 | D20: =COUNTIFS($D$6:$D$15,2,$E$6:$E$15,4) -> 1 | E20: =COUNTIFS($D$6:$D$15,3,$E$6:$E$15,4) -> 3 | F20: =COUNTIFS($D$6:$D$15,4,$E$6:$E$15,4) -> 1 | G20: =COUNTIFS($D$6:$D$15,5,$E$6:$E$15,4) -> 0
B21: 3 | C21: =COUNTIFS($D$6:$D$15,1,$E$6:$E$15,3) -> 0 | D21: =COUNTIFS($D$6:$D$15,2,$E$6:$E$15,3) -> 1 | E21: =COUNTIFS($D$6:$D$15,3,$E$6:$E$15,3) -> 1 | F21: =COUNTIFS($D$6:$D$15,4,$E$6:$E$15,3) -> 1 | G21: =COUNTIFS($D$6:$D$15,5,$E$6:$E$15,3) -> 0
B22: 2 | C22: =COUNTIFS($D$6:$D$15,1,$E$6:$E$15,2) -> 0 | D22: =COUNTIFS($D$6:$D$15,2,$E$6:$E$15,2) -> 1 | E22: =COUNTIFS($D$6:$D$15,3,$E$6:$E$15,2) -> 0 | F22: =COUNTIFS($D$6:$D$15,4,$E$6:$E$15,2) -> 0 | G22: =COUNTIFS($D$6:$D$15,5,$E$6:$E$15,2) -> 0
B23: 1 | C23: =COUNTIFS($D$6:$D$15,1,$E$6:$E$15,1) -> 0 | D23: =COUNTIFS($D$6:$D$15,2,$E$6:$E$15,1) -> 0 | E23: =COUNTIFS($D$6:$D$15,3,$E$6:$E$15,1) -> 0 | F23: =COUNTIFS($D$6:$D$15,4,$E$6:$E$15,1) -> 0 | G23: =COUNTIFS($D$6:$D$15,5,$E$6:$E$15,1) -> 0
B25: Total risiko | C25: =SUM(C19:G23) -> 10 | D25: Harus sama dengan jumlah baris risiko (10).
